7E396B2B-AE07-4555-8252-B5D96B7FF5B4,D2A4A90B-4C45-4C9E-8CD0-00000135CDC4,7B9998BA-A515-4C4D-A1CA-02D424754A86,0
1455B8DD-1C03-4D82-981C-7D5E42DD9DA9,5BCB5042-6AA9-4B19-BF5F-000001C49C81,5AD16538-C5B3-495C-AF05-427652505ECF,0
6F7E9B71-15E7-4306-8398-4CC3EFDFFFF9,E55B1F1E-AC61-4CD5-8011-00000222532E,283C64D7-A8F7-4C11-9E78-E71C92ACD6CB,0
9565E8A1-DCC9-4D9C-943C-13F17C821C06,E2597428-95FD-4E24-A2CD-0000063E2A89,D558676C-541B-4E34-8F14-EAA06C9C32FC,0
6C297FF5-3F9F-43A4-9966-8E8F301C4D4F,34E6426D-4F82-4599-9F51-00000887EA9F,91A2B99D-A4CD-481D-A9F3-F2621429FA63,0
61BC12C9-D45D-41D0-BD1C-22948A908B01,44760011-E863-4800-B2A3-00000981BF71,D8892B9B-01EC-48C8-AD1F-B034F0E06B7D,0
1D8C648D-DCCE-46CB-9860-96A3E7E8CCA4,AE7E11B7-4FCD-4297-BA66-00000A409D5C,CC996D60-769D-48F3-8D77-13AE0473AF99,0
EF1391F1-14E9-4F4B-A1E1-5463AFD8C726,A8A54CCF-BF21-4A05-B42C-00000B718BF3,C4CF46CA-4C80-4D27-A0BB-1F4FCAF50710,0
9D8C3B0A-AF90-4EAC-9D03-C9DEEB15CD02,8BF588A7-2C57-4048-89EF-00000C79B571,A8BB10FA-0F02-4D91-BDA7-BB584CC41080,0
E2111AB5-02A0-4D40-8505-7F517E144436,BD3B0A5B-4AC5-4F3C-951B-00001B37070E,77541F05-A5B1-45FC-ACFD-E0A019622D8D,0
7E396B2B-AE07-4555-8252-B5D96B7FF5B4,D2A4A90B-4C45-4C9E-8CD0-00000135CDC4,3641B519-0F13-4E06-8BFF-A427A5F88F19,0
